<?xml version="1.0" encoding="UTF-8"?>
<MD_Metadata xmlns="http://www.isotc211.org/2005/gmd" xmlns:gco="http://www.isotc211.org/2005/gco" xmlns:gts="http://www.isotc211.org/2005/gts" xmlns:srv="http://www.isotc211.org/2005/srv" xmlns:gml="http://www.opengis.net/gml" xmlns:xlink="http://www.w3.org/1999/xlink" xmlns:xsi="http://www.w3.org/2001/XMLSchema-instance">
	<fileIdentifier>
		<gco:CharacterString>2CFD2732-B277-415F-B761-750D58F31FD8</gco:CharacterString>
	</fileIdentifier>
	<language>
		<LanguageCode codeList="http://www.loc.gov/standards/iso639-2/php/code_list.php" codeListValue="eng" codeSpace="ISO639-2">eng</LanguageCode>
	</language>
	<characterSet>
		<MD_CharacterSetCode codeList="http://www.isotc211.org/2005/resources/Codelist/gmxCodelists.xml#MD_CharacterSetCode" codeListValue="utf8" codeSpace="ISOTC211/19115">utf8</MD_CharacterSetCode>
	</characterSet>
	<hierarchyLevel>
		<MD_ScopeCode codeList="http://www.isotc211.org/2005/resources/Codelist/gmxCodelists.xml#MD_ScopeCode" codeListValue="dataset" codeSpace="ISOTC211/19115">dataset</MD_ScopeCode>
	</hierarchyLevel>
	<contact>
		<CI_ResponsibleParty>
			<organisationName>
				<gco:CharacterString>Newman Library, Baruch CUNY</gco:CharacterString>
			</organisationName>
			<positionName>
				<gco:CharacterString>Geospatial Data Librarian</gco:CharacterString>
			</positionName>
			<contactInfo>
				<CI_Contact>
					<address>
						<CI_Address>
							<deliveryPoint>
								<gco:CharacterString>Newman Library, Baruch CUNY</gco:CharacterString>
							</deliveryPoint>
							<deliveryPoint>
								<gco:CharacterString>151 E 15th St Box H-0520</gco:CharacterString>
							</deliveryPoint>
							<city>
								<gco:CharacterString>New York</gco:CharacterString>
							</city>
							<administrativeArea>
								<gco:CharacterString>NY</gco:CharacterString>
							</administrativeArea>
							<postalCode>
								<gco:CharacterString>10010</gco:CharacterString>
							</postalCode>
							<country>
								<Country codeList="http://www.iso.org/iso/country_codes/iso_3166_code_lists.htm" codeListValue="US" codeSpace="ISO3166-1">US</Country>
							</country>
						</CI_Address>
					</address>
				</CI_Contact>
			</contactInfo>
			<role>
				<CI_RoleCode codeList="http://www.isotc211.org/2005/resources/Codelist/gmxCodelists.xml#CI_RoleCode" codeListValue="pointOfContact" codeSpace="ISOTC211/19115">pointOfContact</CI_RoleCode>
			</role>
		</CI_ResponsibleParty>
	</contact>
	<dateStamp>
		<gco:Date>2014-11-24</gco:Date>
	</dateStamp>
	<metadataStandardName>
		<gco:CharacterString>NAP - Metadata</gco:CharacterString>
	</metadataStandardName>
	<metadataStandardVersion>
		<gco:CharacterString>1.2</gco:CharacterString>
	</metadataStandardVersion>
	<dataSetURI>
		<gco:CharacterString>http://www.baruch.cuny.edu/geoportal/data/us_popctr/</gco:CharacterString>
	</dataSetURI>
	<spatialRepresentationInfo>
		<MD_VectorSpatialRepresentation>
			<topologyLevel>
				<MD_TopologyLevelCode codeList="http://www.isotc211.org/2005/resources/Codelist/gmxCodelists.xml#MD_TopologyLevelCode" codeListValue="geometryOnly" codeSpace="ISOTC211/19115">geometryOnly</MD_TopologyLevelCode>
			</topologyLevel>
			<geometricObjects>
				<MD_GeometricObjects>
					<geometricObjectType>
						<MD_GeometricObjectTypeCode codeList="http://www.isotc211.org/2005/resources/Codelist/gmxCodelists.xml#MD_GeometricObjectTypeCode" codeListValue="point" codeSpace="ISOTC211/19115">point</MD_GeometricObjectTypeCode>
					</geometricObjectType>
					<geometricObjectCount>
						<gco:Integer>220334</gco:Integer>
					</geometricObjectCount>
				</MD_GeometricObjects>
			</geometricObjects>
		</MD_VectorSpatialRepresentation>
	</spatialRepresentationInfo>
	<referenceSystemInfo>
		<MD_ReferenceSystem>
			<referenceSystemIdentifier>
				<RS_Identifier>
					<code>
						<gco:CharacterString>4269</gco:CharacterString>
					</code>
					<codeSpace>
						<gco:CharacterString>EPSG</gco:CharacterString>
					</codeSpace>
					<version>
						<gco:CharacterString>8.5</gco:CharacterString>
					</version>
				</RS_Identifier>
			</referenceSystemIdentifier>
		</MD_ReferenceSystem>
	</referenceSystemInfo>
	<identificationInfo>
		<MD_DataIdentification>
			<citation>
				<CI_Citation>
					<title>
						<gco:CharacterString>Center of Population by Block Group, United States, 2010</gco:CharacterString>
					</title>
					<alternateTitle>
						<gco:CharacterString>CenPop2010_Mean_BG</gco:CharacterString>
					</alternateTitle>
					<date>
						<CI_Date>
							<date>
								<gco:Date>2014-10-10</gco:Date>
							</date>
							<dateType>
								<CI_DateTypeCode codeList="http://www.isotc211.org/2005/resources/Codelist/gmxCodelists.xml#CI_DateTypeCode" codeListValue="publication" codeSpace="ISOTC211/19115">publication</CI_DateTypeCode>
							</dateType>
						</CI_Date>
					</date>
					<edition>
						<gco:CharacterString>2010</gco:CharacterString>
					</edition>
					<citedResponsibleParty>
						<CI_ResponsibleParty>
							<organisationName>
								<gco:CharacterString>US Census Bureau</gco:CharacterString>
							</organisationName>
							<contactInfo>
								<CI_Contact>
									<phone>
										<CI_Telephone>
											<voice>
												<gco:CharacterString>301-763-4636</gco:CharacterString>
											</voice>
										</CI_Telephone>
									</phone>
									<address>
										<CI_Address>
											<deliveryPoint>
												<gco:CharacterString>4600 Silver Hill Road</gco:CharacterString>
											</deliveryPoint>
											<city>
												<gco:CharacterString>Washington</gco:CharacterString>
											</city>
											<administrativeArea>
												<gco:CharacterString>DC</gco:CharacterString>
											</administrativeArea>
											<postalCode>
												<gco:CharacterString>20233</gco:CharacterString>
											</postalCode>
											<country>
												<Country codeList="http://www.iso.org/iso/country_codes/iso_3166_code_lists.htm" codeListValue="US" codeSpace="ISO3166-1">US</Country>
											</country>
											<electronicMailAddress>
												<gco:CharacterString>geo.geography@census.gov</gco:CharacterString>
											</electronicMailAddress>
										</CI_Address>
									</address>
								</CI_Contact>
							</contactInfo>
							<role>
								<CI_RoleCode codeList="http://www.isotc211.org/2005/resources/Codelist/gmxCodelists.xml#CI_RoleCode" codeListValue="pointOfContact" codeSpace="ISOTC211/19115">pointOfContact</CI_RoleCode>
							</role>
						</CI_ResponsibleParty>
					</citedResponsibleParty>
					<presentationForm>
						<CI_PresentationFormCode codeList="http://www.isotc211.org/2005/resources/Codelist/gmxCodelists.xml#CI_PresentationFormCode" codeListValue="mapDigital" codeSpace="ISOTC211/19115">mapDigital</CI_PresentationFormCode>
					</presentationForm>
					<series>
						<CI_Series>
							<name>
								<gco:CharacterString>US Census Bureau: Centers of Population</gco:CharacterString>
							</name>
						</CI_Series>
					</series>
				</CI_Citation>
			</citation>
			<abstract>
				<gco:CharacterString>This point layer was created using the centers of population (also known as population centroids) at the block level from the US Census Bueau. The US Census Centers of Population files include coordinates that represent the center of a population distribution for given areas. They're often used for calculating distances from a population's distribution to a given good or service, and are better than geographic centroids for this purpose. The computation of the center of population was based on the population of small geographic areas for which centers of population had been estimated. The unique id is FIPS.Block Groups are statistical divisions of census tracts, generally defined to contain between 600 and 3,000 people, and are used to present data and control block numbering. A block group consists of clusters of blocks within the same census tract that have the same first digit of their four-digit census block number. Each census tract contains at least one BG, and BGs are uniquely numbered within the census tract. Within the standard census geographic hierarchy, BGs never cross state, county, or census tract boundaries but may cross the boundaries of any other geographic entity. Tribal census tracts and tribal BGs are separate and unique geographic areas defined within federally recognized American Indian reservations and can cross state and county boundaries. The tribal census tracts and tribal block groups may be completely different from the census tracts and block groups defined by state and county.</gco:CharacterString>
			</abstract>
			<purpose>
				<gco:CharacterString>This dataset is intended for researchers, policy makers, students, and educators for basic geographic analysis and mapping purposes. It is appropriate for approximating the population distribution in a given area.</gco:CharacterString>
			</purpose>
			<status>
				<MD_ProgressCode codeList="http://www.isotc211.org/2005/resources/Codelist/gmxCodelists.xml#MD_ProgressCode" codeListValue="completed" codeSpace="ISOTC211/19115">completed</MD_ProgressCode>
			</status>
			<pointOfContact>
				<CI_ResponsibleParty>
					<organisationName>
						<gco:CharacterString>US Census Bureau</gco:CharacterString>
					</organisationName>
					<contactInfo>
						<CI_Contact>
							<phone>
								<CI_Telephone>
									<voice>
										<gco:CharacterString>301-763-4636</gco:CharacterString>
									</voice>
								</CI_Telephone>
							</phone>
							<address>
								<CI_Address>
									<deliveryPoint>
										<gco:CharacterString>4600 Silver Hill Road</gco:CharacterString>
									</deliveryPoint>
									<city>
										<gco:CharacterString>Washington</gco:CharacterString>
									</city>
									<administrativeArea>
										<gco:CharacterString>DC</gco:CharacterString>
									</administrativeArea>
									<postalCode>
										<gco:CharacterString>20233</gco:CharacterString>
									</postalCode>
									<country>
										<Country codeList="http://www.iso.org/iso/country_codes/iso_3166_code_lists.htm" codeListValue="US" codeSpace="ISO3166-1">US</Country>
									</country>
									<electronicMailAddress>
										<gco:CharacterString>geo.geography@census.gov</gco:CharacterString>
									</electronicMailAddress>
								</CI_Address>
							</address>
						</CI_Contact>
					</contactInfo>
					<role>
						<CI_RoleCode codeList="http://www.isotc211.org/2005/resources/Codelist/gmxCodelists.xml#CI_RoleCode" codeListValue="pointOfContact" codeSpace="ISOTC211/19115">pointOfContact</CI_RoleCode>
					</role>
				</CI_ResponsibleParty>
			</pointOfContact>
			<resourceMaintenance>
				<MD_MaintenanceInformation>
					<maintenanceAndUpdateFrequency>
						<MD_MaintenanceFrequencyCode codeList="http://www.isotc211.org/2005/resources/Codelist/gmxCodelists.xml#MD_MaintenanceFrequencyCode" codeListValue="notPlanned" codeSpace="ISOTC211/19115">notPlanned</MD_MaintenanceFrequencyCode>
					</maintenanceAndUpdateFrequency>
				</MD_MaintenanceInformation>
			</resourceMaintenance>
			<descriptiveKeywords>
				<MD_Keywords>
					<keyword>
						<gco:CharacterString>Alabama, 01, Alaska, 02. Arizona, 04, Arkansas, 05, California, 06, Colorado, 08, Connecticut, 09, Delaware, 10, District of Columbia, 11, Florida, 12, Georgia, 13, Hawaii, 15, Idaho, 16, Illinois, 17, Indiana, 18, Iowa, 19, Kanasa, 20, Kentucky, 21, Louisiana, 22, Maine, 23, Maryland, 24, Massachusetts, 25, Michigan, 26, Minnesota, 27, Mississippi, 28, Missouri, 29, Montana, 30, Nebraska, 31, Nevada, 32, New Hampshire, 33, New Jersey, 34, New Mexico, 35, New York, 36, North Carolina, 37, North Dakota, 38, Ohio, 39, Oklahoma, 40, Oregon, 41, Pennsylvania, 42, Rhode Island 44, South Carolina, 45, South Dakota, 46, Tennessee, 47, Texas 48, Utah, 49, Vermont, 50, Virginia, 51, Washington, 53, West Virginia, 54, Wisconsin, 55, Wyoming, 56, Puerto Rico, 72</gco:CharacterString>
					</keyword>
					<type>
						<MD_KeywordTypeCode codeList="http://www.isotc211.org/2005/resources/Codelist/gmxCodelists.xml#MD_KeywordTypeCode" codeListValue="place" codeSpace="ISOTC211/19115">place</MD_KeywordTypeCode>
					</type>
					<thesaurusName>
						<CI_Citation>
							<title>
								<gco:CharacterString>US Census ANSI / FIPS</gco:CharacterString>
							</title>
							<alternateTitle>
								<gco:CharacterString>ANSI INCITS 38:2009 (Formerly FIPS 5-2) &amp; ANSI INCITS 31:2009 (Formerly FIPS 6-4)</gco:CharacterString>
							</alternateTitle>
							<date>
								<CI_Date>
									<date>
										<gco:Date>2009-01-01</gco:Date>
									</date>
									<dateType>
										<CI_DateTypeCode codeList="http://www.isotc211.org/2005/resources/Codelist/gmxCodelists.xml#CI_DateTypeCode" codeListValue="publication" codeSpace="ISOTC211/19115">publication</CI_DateTypeCode>
									</dateType>
								</CI_Date>
							</date>
							<citedResponsibleParty gco:nilReason="missing"/>
						</CI_Citation>
					</thesaurusName>
				</MD_Keywords>
			</descriptiveKeywords>
			<descriptiveKeywords>
				<MD_Keywords>
					<keyword>
						<gco:CharacterString>United States of America, 1890467</gco:CharacterString>
					</keyword>
					<type>
						<MD_KeywordTypeCode codeList="http://www.isotc211.org/2005/resources/Codelist/gmxCodelists.xml#MD_KeywordTypeCode" codeListValue="place" codeSpace="ISOTC211/19115">place</MD_KeywordTypeCode>
					</type>
					<thesaurusName>
						<CI_Citation>
							<title>
								<gco:CharacterString>Geographic Names Information Service (GNIS)</gco:CharacterString>
							</title>
							<alternateTitle>
								<gco:CharacterString>ANSI INCITS 446:2008</gco:CharacterString>
							</alternateTitle>
							<date>
								<CI_Date>
									<date>
										<gco:Date>2008-01-01</gco:Date>
									</date>
									<dateType>
										<CI_DateTypeCode codeList="http://www.isotc211.org/2005/resources/Codelist/gmxCodelists.xml#CI_DateTypeCode" codeListValue="publication" codeSpace="ISOTC211/19115">publication</CI_DateTypeCode>
									</dateType>
								</CI_Date>
							</date>
							<citedResponsibleParty gco:nilReason="missing"/>
						</CI_Citation>
					</thesaurusName>
				</MD_Keywords>
			</descriptiveKeywords>
			<descriptiveKeywords>
				<MD_Keywords>
					<keyword>
						<gco:CharacterString>2010</gco:CharacterString>
					</keyword>
					<type>
						<MD_KeywordTypeCode codeList="http://www.isotc211.org/2005/resources/Codelist/gmxCodelists.xml#MD_KeywordTypeCode" codeListValue="temporal" codeSpace="ISOTC211/19115">temporal</MD_KeywordTypeCode>
					</type>
				</MD_Keywords>
			</descriptiveKeywords>
			<descriptiveKeywords>
				<MD_Keywords>
					<keyword>
						<gco:CharacterString>Population, U.S. Census Bureau, Census, Population geography</gco:CharacterString>
					</keyword>
					<type>
						<MD_KeywordTypeCode codeList="http://www.isotc211.org/2005/resources/Codelist/gmxCodelists.xml#MD_KeywordTypeCode" codeListValue="theme" codeSpace="ISOTC211/19115">theme</MD_KeywordTypeCode>
					</type>
					<thesaurusName>
						<CI_Citation>
							<title>
								<gco:CharacterString>Library of Congress Subject Headings (LCSH)</gco:CharacterString>
							</title>
							<date>
								<CI_Date>
									<date>
										<gco:Date>2014-10-09</gco:Date>
									</date>
									<dateType>
										<CI_DateTypeCode codeList="http://www.isotc211.org/2005/resources/Codelist/gmxCodelists.xml#CI_DateTypeCode" codeListValue="publication" codeSpace="ISOTC211/19115">publication</CI_DateTypeCode>
									</dateType>
								</CI_Date>
							</date>
							<citedResponsibleParty gco:nilReason="missing"/>
						</CI_Citation>
					</thesaurusName>
				</MD_Keywords>
			</descriptiveKeywords>
			<descriptiveKeywords>
				<MD_Keywords>
					<keyword>
						<gco:CharacterString>Downloadable Data</gco:CharacterString>
					</keyword>
					<thesaurusName uuidref="723f6998-058e-11dc-8314-0800200c9a66"/>
				</MD_Keywords>
			</descriptiveKeywords>
			<resourceConstraints>
				<MD_Constraints>
					<useLimitation>
						<gco:CharacterString>Disclaimer: Every effort was made to insure that the data, which was compiled from public sources, was processed accurately. The creator, Baruch College, and CUNY disclaim any liability for errors, inaccuracies, or omissions that may be contained therein or for any damages that may arise from the foregoing. Users should independently verify the accuracy of the data for their purposes.The data is licensed under a Creative Commons Attribution license CC BY http://creativecommons.org/licenses/by/4.0/. You are free to share and adapt the work for any purpose as long as you cite the source.</gco:CharacterString>
					</useLimitation>
					<useLimitation>
						<gco:CharacterString>Although this data is being distributed by Baruch College CUNY, no warranty expressed or implied is made by the College or University as to the accuracy of the data and related materials. The act of distribution shall not constitute any such warranty, and no responsibility is assumed by the College or University in the use of this data, or related materials.</gco:CharacterString>
					</useLimitation>
				</MD_Constraints>
			</resourceConstraints>
			<resourceConstraints>
				<MD_LegalConstraints>
					<accessConstraints>
						<MD_RestrictionCode codeList="http://www.fgdc.gov/nap/metadata/register/codelists.html#napMD_RestrictionCode" codeListValue="licenseUnrestricted" codeSpace="ISOTC211/19139/NAP">licenseUnrestricted</MD_RestrictionCode>
					</accessConstraints>
					<useConstraints>
						<MD_RestrictionCode codeList="http://www.isotc211.org/2005/resources/Codelist/gmxCodelists.xml#MD_RestrictionCode" codeListValue="license" codeSpace="ISOTC211/19115">license</MD_RestrictionCode>
					</useConstraints>
				</MD_LegalConstraints>
			</resourceConstraints>
			<spatialRepresentationType>
				<MD_SpatialRepresentationTypeCode codeList="http://www.isotc211.org/2005/resources/Codelist/gmxCodelists.xml#MD_SpatialRepresentationTypeCode" codeListValue="vector" codeSpace="ISOTC211/19115">vector</MD_SpatialRepresentationTypeCode>
			</spatialRepresentationType>
			<language>
				<LanguageCode codeList="http://www.loc.gov/standards/iso639-2/php/code_list.php" codeListValue="eng" codeSpace="ISO639-2">eng</LanguageCode>
			</language>
			<characterSet>
				<MD_CharacterSetCode codeList="http://www.isotc211.org/2005/resources/Codelist/gmxCodelists.xml#MD_CharacterSetCode" codeListValue="utf8" codeSpace="ISOTC211/19115">utf8</MD_CharacterSetCode>
			</characterSet>
			<topicCategory>
				<MD_TopicCategoryCode>society</MD_TopicCategoryCode>
			</topicCategory>
			<topicCategory>
				<MD_TopicCategoryCode>location</MD_TopicCategoryCode>
			</topicCategory>
			<environmentDescription>
				<gco:CharacterString>Microsoft Windows 7 Version 6.1 (Build 7601) Service Pack 1; Esri ArcGIS 10.2.0.3348</gco:CharacterString>
			</environmentDescription>
			<extent>
				<EX_Extent>
					<description>
						<gco:CharacterString>United States of America</gco:CharacterString>
					</description>
					<geographicElement>
						<EX_GeographicBoundingBox>
							<extentTypeCode>
								<gco:Boolean>true</gco:Boolean>
							</extentTypeCode>
							<westBoundLongitude>
								<gco:Decimal>-175.86004</gco:Decimal>
							</westBoundLongitude>
							<eastBoundLongitude>
								<gco:Decimal>-65.30086</gco:Decimal>
							</eastBoundLongitude>
							<southBoundLatitude>
								<gco:Decimal>17.901633</gco:Decimal>
							</southBoundLatitude>
							<northBoundLatitude>
								<gco:Decimal>71.300949</gco:Decimal>
							</northBoundLatitude>
						</EX_GeographicBoundingBox>
					</geographicElement>
					<temporalElement>
						<EX_TemporalExtent>
							<extent>
								<gml:TimePeriod gml:id="ID0ENH">
									<gml:beginPosition>2010-04-01T00:00:00</gml:beginPosition>
									<gml:endPosition>2020-03-31T00:00:00</gml:endPosition>
								</gml:TimePeriod>
							</extent>
						</EX_TemporalExtent>
					</temporalElement>
				</EX_Extent>
			</extent>
			<supplementalInformation>
				<gco:CharacterString>Contains population data from the 2010 Census.</gco:CharacterString>
			</supplementalInformation>
		</MD_DataIdentification>
	</identificationInfo>
	<distributionInfo>
		<MD_Distribution>
			<distributionFormat>
				<MD_Format>
					<name>
						<gco:CharacterString>Shapefile</gco:CharacterString>
					</name>
					<version>
						<gco:CharacterString>october2014</gco:CharacterString>
					</version>
				</MD_Format>
			</distributionFormat>
			<distributor>
				<MD_Distributor>
					<distributorContact>
						<CI_ResponsibleParty>
							<organisationName>
								<gco:CharacterString>Newman Library, Baruch CUNY</gco:CharacterString>
							</organisationName>
							<positionName>
								<gco:CharacterString>Geospatial Data Librarian</gco:CharacterString>
							</positionName>
							<contactInfo>
								<CI_Contact>
									<address>
										<CI_Address>
											<deliveryPoint>
												<gco:CharacterString>Newman Library, Baruch CUNY</gco:CharacterString>
											</deliveryPoint>
											<deliveryPoint>
												<gco:CharacterString>151 E 15th St Box H-0520</gco:CharacterString>
											</deliveryPoint>
											<city>
												<gco:CharacterString>New York</gco:CharacterString>
											</city>
											<administrativeArea>
												<gco:CharacterString>NY</gco:CharacterString>
											</administrativeArea>
											<postalCode>
												<gco:CharacterString>10010</gco:CharacterString>
											</postalCode>
											<country>
												<Country codeList="http://www.iso.org/iso/country_codes/iso_3166_code_lists.htm" codeListValue="US" codeSpace="ISO3166-1">US</Country>
											</country>
										</CI_Address>
									</address>
								</CI_Contact>
							</contactInfo>
							<role>
								<CI_RoleCode codeList="http://www.isotc211.org/2005/resources/Codelist/gmxCodelists.xml#CI_RoleCode" codeListValue="pointOfContact" codeSpace="ISOTC211/19115">pointOfContact</CI_RoleCode>
							</role>
						</CI_ResponsibleParty>
					</distributorContact>
				</MD_Distributor>
			</distributor>
			<transferOptions>
				<MD_DigitalTransferOptions>
					<transferSize>
						<gco:Real>5.884</gco:Real>
					</transferSize>
				</MD_DigitalTransferOptions>
			</transferOptions>
		</MD_Distribution>
	</distributionInfo>
	<dataQualityInfo>
		<DQ_DataQuality>
			<scope>
				<DQ_Scope>
					<level>
						<MD_ScopeCode codeList="http://www.isotc211.org/2005/resources/Codelist/gmxCodelists.xml#MD_ScopeCode" codeListValue="dataset" codeSpace="ISOTC211/19115">dataset</MD_ScopeCode>
					</level>
				</DQ_Scope>
			</scope>
			<lineage>
				<LI_Lineage>
					<statement>
						<gco:CharacterString>The data was downloaded from the US Census Bureau website in a delimited text format and was plotted in NAD 83 and saved as a spatial layer. The data includes block groups with a population of 0. These centroids are mapped using the latitude and longitude of the geographic center of the block groups. The unique ID, FIPS, was created by combining the STATE-COUNTY-TRACT-BLKGRP group number codes.</gco:CharacterString>
					</statement>
					<source>
						<LI_Source>
							<description>
								<gco:CharacterString>US Census Bureau, Centers of Population, Centers of Population by Block Group: 2010</gco:CharacterString>
							</description>
							<sourceReferenceSystem>
								<MD_ReferenceSystem>
									<referenceSystemIdentifier>
										<RS_Identifier>
											<code>
												<gco:CharacterString>4269</gco:CharacterString>
											</code>
											<codeSpace>
												<gco:CharacterString>EPSG</gco:CharacterString>
											</codeSpace>
											<version>
												<gco:CharacterString>8.5</gco:CharacterString>
											</version>
										</RS_Identifier>
									</referenceSystemIdentifier>
								</MD_ReferenceSystem>
							</sourceReferenceSystem>
							<sourceCitation>
								<CI_Citation>
									<title>
										<gco:CharacterString>Centers of Population by Block Group: 2010</gco:CharacterString>
									</title>
									<date>
										<CI_Date>
											<date>
												<gco:Date>2010-04-01</gco:Date>
											</date>
											<dateType>
												<CI_DateTypeCode codeList="http://www.isotc211.org/2005/resources/Codelist/gmxCodelists.xml#CI_DateTypeCode" codeListValue="publication" codeSpace="ISOTC211/19115">publication</CI_DateTypeCode>
											</dateType>
										</CI_Date>
									</date>
									<citedResponsibleParty gco:nilReason="missing"/>
								</CI_Citation>
							</sourceCitation>
						</LI_Source>
					</source>
				</LI_Lineage>
			</lineage>
		</DQ_DataQuality>
	</dataQualityInfo>
	<metadataConstraints>
		<MD_Constraints>
			<useLimitation>
				<gco:CharacterString>Metadata for this layer is licensed under a Creative Commons Attribution-NonCommercial license CC BY-NC http://creativecommons.org/licenses/by-nc/4.0/. You are free to share and to adapt the metadata as long as you cite the source and do not use it for commercial purposes.</gco:CharacterString>
			</useLimitation>
		</MD_Constraints>
	</metadataConstraints>
	<metadataConstraints>
		<MD_LegalConstraints>
			<accessConstraints>
				<MD_RestrictionCode codeList="http://www.fgdc.gov/nap/metadata/register/codelists.html#napMD_RestrictionCode" codeListValue="licenseUnrestricted" codeSpace="ISOTC211/19139/NAP">licenseUnrestricted</MD_RestrictionCode>
			</accessConstraints>
			<useConstraints>
				<MD_RestrictionCode codeList="http://www.isotc211.org/2005/resources/Codelist/gmxCodelists.xml#MD_RestrictionCode" codeListValue="license" codeSpace="ISOTC211/19115">license</MD_RestrictionCode>
			</useConstraints>
		</MD_LegalConstraints>
	</metadataConstraints>
	<metadataMaintenance>
		<MD_MaintenanceInformation>
			<maintenanceAndUpdateFrequency>
				<MD_MaintenanceFrequencyCode codeList="http://www.isotc211.org/2005/resources/Codelist/gmxCodelists.xml#MD_MaintenanceFrequencyCode" codeListValue="notPlanned" codeSpace="ISOTC211/19115">notPlanned</MD_MaintenanceFrequencyCode>
			</maintenanceAndUpdateFrequency>
			<maintenanceNote>
				<gco:CharacterString>This metadata record was originally created by Araby Smyth in October 2014.</gco:CharacterString>
			</maintenanceNote>
		</MD_MaintenanceInformation>
	</metadataMaintenance>
	<Esri xmlns=""><CreaDate>20150129</CreaDate><CreaTime>11202900</CreaTime><ArcGISstyle>North American Profile of ISO19115 2003</ArcGISstyle><SyncOnce>TRUE</SyncOnce><DataProperties><itemProps><itemLocation><linkage Sync="TRUE">file://\\bctc-nas\LibShare\Shared\Divisions\Graduate\GEODATA\pop_centroids\2010\processed\new\popctr_blkgrp2010_export</linkage><protocol Sync="TRUE">Local Area Network</protocol></itemLocation></itemProps><copyHistory><copy source="Y:\GEODATA\pop_centroids\2010\processed\popctr_blkgrp2010_export" dest="\\bctc-nas\LibShare\Shared\Divisions\Graduate\GEODATA\pop_centroids\2010\processed\new\popctr_blkgrp2010_export" date="20150129" time="11202900"></copy></copyHistory></DataProperties></Esri></MD_Metadata>
